policy,template_id,template,tier,runs,objective_rate,clean_rate,never_identified_rate,perfect_rate,compromised,aborted,disasters,burned,lost_total,mean_steps,mean_exit_steps,heat_total,evidence_total,lethal_total,illegal_orders
Stealth,11001,site.warehouse_district,1,4,0.2500,0.2500,0.7500,0.2500,0,3,0,0,0,4000.0000,0.0000,148,0,0,0
Stealth,11002,site.small_office,1,4,0.0000,0.0000,0.5000,0.0000,0,4,0,1,0,3042.0000,168.0000,298,0,0,0
Stealth,11003,site.private_house,1,4,0.2500,0.2500,0.5000,0.2500,0,3,0,0,0,3008.5000,34.0000,295,0,0,0
Stealth,11004,site.corner_shop,1,4,0.5000,0.5000,1.0000,0.5000,0,2,0,0,0,2000.5000,1.0000,0,0,0,0
Stealth,11005,site.municipal_office,2,4,0.5000,0.2500,0.2500,0.2500,0,2,0,1,0,1096.0000,128.0000,396,0,0,0
Stealth,11006,site.research_lab,2,4,0.0000,0.0000,0.2500,0.0000,0,4,0,2,0,2042.7500,85.5000,300,0,0,0
Stealth,11007,site.private_clinic,2,4,0.2500,0.2500,0.2500,0.0000,0,3,0,0,0,4000.0000,0.0000,296,0,0,0
Stealth,11008,site.logistics_hub,2,4,0.2500,0.2500,0.5000,0.2500,0,3,0,0,0,3017.5000,70.0000,148,0,0,0
Stealth,11009,site.data_centre,3,4,0.2500,0.2500,1.0000,0.2500,0,3,0,0,0,3023.5000,94.0000,0,0,0,0
Stealth,11010,site.security_hq,3,4,0.7500,0.2500,0.5000,0.2500,0,1,0,2,0,1436.7500,582.3333,200,0,0,0
Stealth,11011,site.arms_depot,3,4,0.5000,0.5000,1.0000,0.5000,0,2,0,0,0,3032.5000,130.0000,0,0,0,0
Stealth,11012,site.government_archive,3,4,0.5000,0.2500,0.2500,0.2500,0,2,0,2,0,1083.7500,111.6667,250,0,0,0
Stealth,11013,site.black_site,4,4,0.2500,0.0000,0.2500,0.0000,0,3,0,2,0,2096.2500,192.5000,399,0,0,0
Stealth,11014,site.embassy_annexe,4,4,0.7500,0.7500,0.7500,0.7500,0,1,0,0,0,4000.0000,0.0000,147,0,0,0
Stealth,11015,site.corporate_hq,4,4,0.5000,0.2500,0.5000,0.2500,0,2,0,2,0,1251.7500,335.6667,250,0,0,0
Aggressive,11001,site.warehouse_district,1,4,0.2500,0.2500,0.7500,0.2500,0,3,0,0,0,4000.0000,0.0000,148,0,0,0
Aggressive,11002,site.small_office,1,4,0.0000,0.0000,0.2500,0.0000,0,4,0,1,0,3037.2500,149.0000,716,700,10,0
Aggressive,11003,site.private_house,1,4,0.0000,0.0000,0.0000,0.0000,0,4,0,0,0,4000.0000,0.0000,591,280,4,0
Aggressive,11004,site.corner_shop,1,4,0.5000,0.5000,0.7500,0.5000,0,2,0,0,0,2000.5000,1.0000,330,420,6,0
Aggressive,11005,site.municipal_office,2,4,0.2500,0.2500,0.2500,0.2500,0,3,0,2,0,1076.7500,102.3333,447,140,2,0
Aggressive,11006,site.research_lab,2,4,0.0000,0.0000,0.2500,0.0000,0,4,0,1,0,3011.0000,44.0000,388,420,6,0
Aggressive,11007,site.private_clinic,2,4,0.2500,0.0000,0.2500,0.0000,0,3,0,1,0,3078.0000,312.0000,358,280,4,0
Aggressive,11008,site.logistics_hub,2,4,0.2500,0.2500,0.5000,0.2500,0,3,0,0,0,3017.5000,70.0000,238,140,2,0
Aggressive,11009,site.data_centre,3,4,0.2500,0.2500,1.0000,0.2500,0,3,0,0,0,3023.5000,94.0000,180,280,4,0
Aggressive,11010,site.security_hq,3,4,0.5000,0.0000,0.2500,0.0000,0,2,0,2,0,2107.2500,214.5000,345,70,1,0
Aggressive,11011,site.arms_depot,3,4,0.2500,0.2500,0.5000,0.2500,0,3,0,1,0,2036.5000,73.0000,297,140,2,0
Aggressive,11012,site.government_archive,3,4,0.2500,0.0000,0.0000,0.0000,0,3,0,3,0,1047.2500,63.0000,570,420,6,0
Aggressive,11013,site.black_site,4,4,0.2500,0.0000,0.2500,0.0000,0,3,0,3,0,1247.2500,329.6667,400,350,5,0
Aggressive,11014,site.embassy_annexe,4,4,0.5000,0.5000,0.5000,0.5000,0,2,0,1,0,3006.5000,26.0000,297,70,1,0
Aggressive,11015,site.corporate_hq,4,4,0.5000,0.2500,0.5000,0.2500,0,2,0,2,0,1137.0000,182.6667,250,70,1,0
Speedrun,11001,site.warehouse_district,1,4,0.2500,0.2500,0.7500,0.2500,0,3,0,0,0,4000.0000,0.0000,148,0,0,0
Speedrun,11002,site.small_office,1,4,0.0000,0.0000,0.5000,0.0000,0,4,0,0,0,4000.0000,0.0000,293,0,0,0
Speedrun,11003,site.private_house,1,4,0.0000,0.0000,0.5000,0.0000,0,4,0,0,0,4000.0000,0.0000,298,0,0,0
Speedrun,11004,site.corner_shop,1,4,0.5000,0.5000,1.0000,0.5000,0,2,0,0,0,2000.5000,1.0000,0,0,0,0
Speedrun,11005,site.municipal_office,2,4,0.5000,0.2500,0.2500,0.2500,0,2,0,1,0,1095.5000,127.3333,393,0,0,0
Speedrun,11006,site.research_lab,2,4,0.0000,0.0000,0.2500,0.0000,0,4,0,2,0,2045.0000,90.0000,300,0,0,0
Speedrun,11007,site.private_clinic,2,4,0.0000,0.0000,0.2500,0.0000,0,4,0,1,0,3078.5000,314.0000,298,0,0,0
Speedrun,11008,site.logistics_hub,2,4,0.2500,0.2500,0.5000,0.2500,0,3,0,0,0,3017.5000,70.0000,148,0,0,0
Speedrun,11009,site.data_centre,3,4,0.2500,0.2500,1.0000,0.2500,0,3,0,0,0,3023.5000,94.0000,0,0,0,0
Speedrun,11010,site.security_hq,3,4,0.5000,0.0000,0.5000,0.0000,0,2,0,2,0,2107.2500,214.5000,200,0,0,0
Speedrun,11011,site.arms_depot,3,4,0.5000,0.5000,1.0000,0.5000,0,2,0,0,0,3032.5000,130.0000,0,0,0,0
Speedrun,11012,site.government_archive,3,4,0.5000,0.2500,0.2500,0.2500,0,2,0,2,0,1083.7500,111.6667,250,0,0,0
Speedrun,11013,site.black_site,4,4,0.2500,0.0000,0.2500,0.0000,0,3,0,2,0,2114.5000,229.0000,399,0,0,0
Speedrun,11014,site.embassy_annexe,4,4,0.7500,0.7500,0.7500,0.7500,0,1,0,0,0,4000.0000,0.0000,145,0,0,0
Speedrun,11015,site.corporate_hq,4,4,0.5000,0.2500,0.5000,0.2500,0,2,0,2,0,1314.0000,418.6667,250,0,0,0
Cautious,11001,site.warehouse_district,1,4,0.2500,0.2500,0.7500,0.2500,0,3,0,0,0,4000.0000,0.0000,148,0,0,0
Cautious,11002,site.small_office,1,4,0.0000,0.0000,0.5000,0.0000,0,4,0,1,0,3042.0000,168.0000,298,0,0,0
Cautious,11003,site.private_house,1,4,0.2500,0.2500,0.5000,0.2500,0,3,0,0,0,3008.5000,34.0000,295,0,0,0
Cautious,11004,site.corner_shop,1,4,0.5000,0.5000,1.0000,0.5000,0,2,0,0,0,2000.5000,1.0000,0,0,0,0
Cautious,11005,site.municipal_office,2,4,0.5000,0.2500,0.2500,0.2500,0,2,0,1,0,1096.0000,128.0000,396,0,0,0
Cautious,11006,site.research_lab,2,4,0.0000,0.0000,0.2500,0.0000,0,4,0,2,0,2042.7500,85.5000,300,0,0,0
Cautious,11007,site.private_clinic,2,4,0.2500,0.2500,0.2500,0.0000,0,3,0,0,0,4000.0000,0.0000,296,0,0,0
Cautious,11008,site.logistics_hub,2,4,0.2500,0.2500,0.5000,0.2500,0,3,0,0,0,3017.5000,70.0000,148,0,0,0
Cautious,11009,site.data_centre,3,4,0.2500,0.2500,1.0000,0.2500,0,3,0,0,0,3023.5000,94.0000,0,0,0,0
Cautious,11010,site.security_hq,3,4,0.7500,0.2500,0.5000,0.2500,0,1,0,2,0,1436.7500,582.3333,200,0,0,0
Cautious,11011,site.arms_depot,3,4,0.5000,0.5000,1.0000,0.5000,0,2,0,0,0,3032.5000,130.0000,0,0,0,0
Cautious,11012,site.government_archive,3,4,0.5000,0.2500,0.2500,0.2500,0,2,0,2,0,1083.7500,111.6667,250,0,0,0
Cautious,11013,site.black_site,4,4,0.2500,0.0000,0.2500,0.0000,0,3,0,2,0,2096.2500,192.5000,399,0,0,0
Cautious,11014,site.embassy_annexe,4,4,0.7500,0.7500,0.7500,0.7500,0,1,0,0,0,4000.0000,0.0000,147,0,0,0
Cautious,11015,site.corporate_hq,4,4,0.5000,0.2500,0.5000,0.2500,0,2,0,2,0,1251.7500,335.6667,250,0,0,0
