##var,id,rule_key,value
##type,int,string,int
,10031,settlement_day_of_week,6
,10032,bankruptcy_grace_days,7
,10033,bankruptcy_stage_loyalty_drain,2
,10034,bankruptcy_stage_resign_day,3
,10035,bankruptcy_stage_three_day,6
,10036,bankruptcy_stage_four_day,10
,10037,bankruptcy_forced_resign_count,1
,10038,bankruptcy_forced_resign_loyalty_floor,20
,10039,bankruptcy_forced_resign_chance,25
,10040,bankruptcy_penalty_scale_percent,150
,10041,bankruptcy_max_stage,4
,10042,salary_shortfall_loyalty_drain,4
,10043,salary_surplus_loyalty_gain,1
,10044,upkeep_multiplier_percent,100
,10045,loan_interest_compounds,1
,10046,loan_default_interest_percent,15