##var,id,name_key,preconditions,effects,base_cost,duration_steps,interrupt_priority,required_archetype_tags
##type,int,string,string,string,int,int,int,string
,12151,goap.walk_patrol_route,"AtPost,!HasIntruder,!HasNoiseHeard","AtPatrolPoint",10,20,10,patrol
,12152,goap.stand_post,"AtPost,!HasIntruder","WatchingFacing",5,60,10,patrol,sentry
,12153,goap.investigate_point,"HasNoiseHeard,!InspectedNoiseSource","InspectedNoiseSource",12,40,40,any
,12154,goap.chase_contact,"HasContact,TargetVisible","TargetFled",18,30,70,combat,responder
,12155,goap.attack_target,"InMeleeRange,TargetVisible,!TargetDown","TargetDown",20,15,80,combat
,12156,goap.call_backup,"HasContact,!BackupRequested","BackupRequested",8,10,60,responder
,12157,goap.raise_alarm,"HasContact,!AlarmRaised","AlarmRaised",6,10,90,any
,12158,goap.take_cover,"HasContact,!InCover","InCover",12,15,50,combat
,12159,goap.flee,"SelfEndangered,!OutsideDangerZone","OutsideDangerZone",15,30,85,any
,12160,goap.guard_objective,"AtPost,!ObjectiveTampered","ObjectiveSecured",8,60,20,specialist
,12161,goap.restrained_prisoner,"PrisonerNearby,!PrisonerRestrained","PrisonerRestrained",16,25,45,specialist
,12162,goap.restore_power,"PowerOut,!AtPanel","PowerRestored",22,50,30,specialist
,12163,goap.close_door,"SuspiciousDoorOpen","SuspiciousDoorsClosed",6,15,15,patrol
,12164,goap.report_missing,"ColleagueMissing,!ColleagueReportedMissing","ColleagueReportedMissing",5,10,55,patrol
,12165,goap.civilian_work,"NoAlarm,DayNotFinished","WorkDone",4,100,5,civilian
,12166,goap.civilian_panic,"HeardAlarm,!Panicked","Panicked",3,20,25,civilian
,12167,goap.civilian_flee,"Panicked,!ReachedSafePlace","ReachedSafePlace",7,40,40,civilian
,12168,goap.civilian_hide,"Panicked,!HiddenFromIntruder","HiddenFromIntruder",6,20,35,civilian
,12169,goap.civilian_report,"Panicked,!GuardReached","GuardReached",4,15,50,civilian
,12170,goap.revive_ally,"AllyDown,!AllyRevived","AllyRevived",18,40,60,combat
,12171,goap.reload,"WeaponEmpty,!Reloaded","Reloaded",9,30,45,combat
,12172,goap.search_body,"BodyUnsearched","BodySearched",10,35,20,patrol
,12173,goap.secure_room,"RoomUnsecured,!RoomSecured","RoomSecured",12,45,25,responder