##var,id,name_key,role,vision_range_cm,vision_cone_degrees,hearing_range_cm,patrol_speed_cm_per_step,alert_speed_cm_per_step,suspicion_gain_rate,suspicion_decay_rate,combat_skill,health,goal_set_id,carries_radio,carries_key_id
##type,int,string,GuardRole,int,int,int,int,int,int,int,int,int,int,bool,int
,12101,guard.watchman,Patrol,1400,100,900,18,42,14,6,25,60,12201,0,0
,12102,guard.nightwatch,Patrol,1100,80,800,16,38,10,5,22,55,12201,0,0
,12103,guard.sentry,Sentry,1800,70,1000,0,55,16,6,28,70,12201,1,12261
,12104,guard.dog_handler,Patrol,1500,120,2200,20,48,12,6,35,80,12201,1,0
,12105,guard.response_officer,Responder,1600,110,1200,34,60,22,7,42,85,12201,1,12261
,12106,guard.heavy,Responder,1300,90,700,14,40,18,5,55,130,12201,0,0
,12107,guard.vault_guard,Specialist,1200,80,800,12,50,14,6,40,95,12210,1,12262
,12108,guard.terminal_tech,Specialist,1000,90,600,10,34,8,5,18,50,12210,0,12261
,12109,guard.prison_scribe,Specialist,900,70,500,8,36,9,5,15,45,12212,0,12262
,12110,guard.private_guard,Patrol,2000,140,1600,22,52,20,8,48,90,12201,1,0
,12111,guard.technician,Specialist,1100,95,700,12,32,7,5,12,55,12213,0,12261
,12112,guard.blind_dog,Sentry,600,360,2600,26,44,6,4,20,40,12201,0,0