##var,id,name_key,category,sell_value,stack_max
##type,int,string,ItemCategory,int,int
,8001,item.lockpick_set,Gadget,150,1
,8002,item.wire_cutter,Gadget,120,1
,8003,item.thermal_cutter,Gadget,420,1
,8004,item.signal_jammer,Gadget,650,1
,8005,item.voice_mimic,Gadget,780,1
,8006,item.forensic_kit,Consumable,260,5
,8007,item.medkit,Consumable,180,10
,8008,item.stimulant,Consumable,240,10
,8009,item.calming_draft,Consumable,210,10
,8010,item.ration_pack,Consumable,60,20
,8011,item.intel_dossier,Intel,500,10
,8012,item.encrypted_drive,Intel,900,5
,8013,item.coded_ledger,Intel,650,5
,8014,item.contact_list,Intel,400,10
,8015,item.emerald_pendant,Valuable,1800,1
,8016,item.bearer_bond,Valuable,2400,1
,8017,item.rare_briefcase,Valuable,3200,1
,8018,item.antique_seal,Valuable,1200,3
,8019,item.evidence_tape,Evidence,150,10
,8020,item.evidence_logbook,Evidence,200,10
,8021,item.fingerprints,Evidence,260,10
,8022,item.wiretap_recording,Evidence,340,5
