##var,id,entry_id,item_id,weight,min_count,max_count
##type,int,int,int,int,int,int
,7301,1,8011,50,1,2
,7301,2,8019,30,1,3
,7301,3,8006,20,1,1
,7302,1,8002,40,1,2
,7302,2,8020,35,1,2
,7302,3,8001,25,1,1
,7303,1,8010,60,1,2
,7303,2,8007,25,1,1
,7303,3,8008,15,1,1
,7304,1,8013,45,1,2
,7304,2,8011,35,1,2
,7304,3,8019,20,1,2
,7305,1,8015,40,1,1
,7305,2,8016,35,1,1
,7305,3,8017,25,1,1
,7306,1,8011,50,1,3
,7306,2,8013,30,1,2
,7306,3,8014,20,1,2
,7307,1,8003,40,1,1
,7307,2,8006,35,1,2
,7307,3,8008,25,1,1
,7308,1,8010,55,1,2
,7308,2,8007,30,1,1
,7308,3,8014,15,1,1
,7309,1,8018,45,1,1
,7309,2,8010,35,1,3
,7309,3,8007,20,1,1
,7310,1,8012,40,1,1
,7310,2,8013,35,1,2
,7310,3,8004,25,1,1
,7311,1,8019,45,1,2
,7311,2,8010,35,1,2
,7311,3,8007,20,1,1
,7312,1,8017,45,1,1
,7312,2,8016,35,1,1
,7312,3,8015,20,1,1
,7313,1,8012,50,1,2
,7313,2,8004,30,1,1
,7313,3,8005,20,1,1
,7314,1,8011,40,1,2
,7314,2,8003,35,1,1
,7314,3,8006,25,1,2
,7315,1,8015,40,1,1
,7315,2,8018,35,1,2
,7315,3,8017,25,1,1
,7316,1,8014,40,1,2
,7316,2,8013,35,1,1
,7316,3,8007,25,1,2
,7317,1,8010,50,1,2
,7317,2,8002,30,1,1
,7317,3,8007,20,1,1
,7318,1,8010,60,1,2
,7318,2,8009,25,1,1
,7318,3,8008,15,1,1
