##var,id,name_key,objective_type,tier,node_count_min,node_count_max,base_difficulty,base_reward_funds,base_reward_intel,heat_gain,duration_ticks_per_node,required_agents_min,required_agents_max,failure_penalty
##type,int,string,ObjectiveType,int,int,int,int,int,int,int,int,int,int,int
,6001,mission.steal_data_t1,StealData,1,4,6,25,1800,120,8,4,1,2,600
,6002,mission.sabotage_t1,Sabotage,1,4,6,28,1600,60,12,4,1,2,700
,6003,mission.assassinate_t1,Assassinate,1,3,5,35,2200,40,18,4,1,1,900
,6004,mission.rescue_t1,Rescue,1,4,6,30,1900,80,10,4,1,2,1000
,6005,mission.plant_bug_t1,PlantBug,1,3,5,22,1400,150,6,4,1,1,500
,6006,mission.recon_t1,Recon,1,4,7,20,1200,180,4,4,1,2,400
,6007,mission.steal_data_t2,StealData,2,6,9,40,4200,300,18,6,2,3,1400
,6008,mission.sabotage_t2,Sabotage,2,6,9,44,3800,150,26,6,2,3,1600
,6009,mission.assassinate_t2,Assassinate,2,5,8,55,5200,110,34,6,2,3,2100
,6010,mission.rescue_t2,Rescue,2,6,9,48,4400,200,22,6,2,3,1900
,6011,mission.plant_bug_t2,PlantBug,2,5,8,36,3400,360,14,6,2,3,1100
,6012,mission.recon_t2,Recon,2,7,10,32,3000,420,10,6,2,3,900
,6013,mission.steal_data_t3,StealData,3,9,13,58,9500,700,32,8,3,4,3200
,6014,mission.sabotage_t3,Sabotage,3,9,13,64,8800,380,46,8,3,4,3600
,6015,mission.assassinate_t3,Assassinate,3,8,12,78,12000,240,58,8,3,4,4800
,6016,mission.rescue_t3,Rescue,3,9,13,70,10200,480,38,8,3,4,4200
,6017,mission.plant_bug_t3,PlantBug,3,8,12,52,7600,840,26,8,3,4,2600
,6018,mission.recon_t3,Recon,3,10,14,46,6800,980,18,8,3,4,2200
