##var,id,name_key,trigger_tags,skill_checked,difficulty_class,alarm_on_success,alarm_on_partial,alarm_on_failure,physical_cost,mental_cost,loot_table_id,narrative_key
##type,int,string,string,SkillKind,DifficultyClass,int,int,int,int,int,int,string
,7101,event.patch_firewall,"server,terminal",Tech,Standard,0,10,35,4,8,7301,event.nar.patch_firewall
,7102,event.clone_credentials,"server,terminal",Tech,Hard,0,15,45,6,12,7301,event.nar.clone_credentials
,7103,event.bypass_biometric,"server,terminal",Tech,Standard,5,10,30,4,10,7301,event.nar.bypass_biometric
,7104,event.distract_guard,"security,guard",Social,Standard,0,15,40,5,12,7302,event.nar.distract_guard
,7105,event.timing_the_shift,"security,guard",Infiltration,Easy,0,10,25,3,6,7302,event.nar.timing_the_shift
,7106,event.seduce_the_secretary,"security,guard",Social,Hard,0,20,50,5,15,7302,event.nar.seduce_the_secretary
,7107,event.sneak_past_patrol,"transit",Infiltration,Standard,0,10,35,5,8,7303,event.nar.sneak_past_patrol
,7108,event.cross_the_firewall_of_jokes,"transit",Social,Easy,0,5,25,3,5,7303,event.nar.cross_the_firewall_of_jokes
,7109,event.blind_copy,"admin,document",Infiltration,Trivial,0,5,20,2,4,7304,event.nar.blind_copy
,7110,event.forge_signature,"admin,document",Social,Standard,0,10,30,3,8,7304,event.nar.forge_signature
,7111,event.photograph_the_ledger,"admin,document",Tech,Easy,0,10,25,3,5,7304,event.nar.photograph_the_ledger
,7112,event.crack_the_vault,"security,valuable",Tech,Extreme,10,20,60,8,18,7305,event.nar.crack_the_vault
,7113,event.lift_the_combination,"security,valuable",Tech,Hard,5,15,50,6,14,7305,event.nar.lift_the_combination
,7114,event.sprint_the_haul,"security,valuable",Nerve,Hard,0,15,45,10,14,7305,event.nar.sprint_the_haul
,7115,event.index_the_archive,"document,intel",Tech,Standard,0,10,30,3,10,7306,event.nar.index_the_archive
,7116,event.pick_the_shelved_file,"document,intel",Infiltration,Easy,0,10,25,3,6,7306,event.nar.pick_the_shelved_file
,7117,event.photocopy_the_index,"document,intel",Tech,Trivial,0,5,20,2,5,7306,event.nar.photocopy_the_index
,7118,event.calibrate_the_spectrometer,"lab,tech",Tech,Standard,0,10,30,3,8,7307,event.nar.calibrate_the_spectrometer
,7119,event.contaminate_the_sample,"lab,tech",Tech,Hard,0,15,45,6,12,7307,event.nar.contaminate_the_sample
,7120,event.smuggle_the_centrifuge,"lab,tech",Nerve,Standard,0,10,40,8,10,7307,event.nar.smuggle_the_centrifuge
,7121,event.blend_with_the_visitors,"admin,transit",Social,Easy,0,10,25,2,6,7308,event.nar.blend_with_the_visitors
,7122,event.forge_a_badge,"admin,transit",Tech,Standard,5,10,30,3,8,7308,event.nar.forge_a_badge
,7123,event.read_the_guest_list,"admin,transit",Infiltration,Easy,0,5,20,2,5,7308,event.nar.read_the_guest_list
,7124,event.locate_the_manifest,"storage,transit",Infiltration,Standard,0,10,30,4,8,7309,event.nar.locate_the_manifest
,7125,event.forklift_accomplice,"storage,transit",Social,Hard,0,15,45,6,14,7309,event.nar.forklift_accomplice
,7126,event.carry_the_crate,"storage,transit",Nerve,Standard,0,10,35,12,10,7309,event.nar.carry_the_crate
,7127,event.rack_space_analysis,"server,terminal,intel",Tech,Hard,0,15,45,4,12,7310,event.nar.rack_space_analysis
,7128,event.cool_the_mainframe,"server,terminal,intel",Tech,Extreme,15,25,60,6,18,7310,event.nar.cool_the_mainframe
,7129,event.tape_the_backups,"server,terminal,intel",Tech,Hard,0,15,45,4,14,7310,event.nar.tape_the_backups
,7130,event.eavesdrop_at_the_table,"admin,social",Social,Standard,0,10,30,2,8,7311,event.nar.eavesdrop_at_the_table
,7131,event.talk_to_the_secretary,"admin,social",Social,Easy,0,5,20,2,6,7311,event.nar.talk_to_the_secretary
,7132,event.replace_the_minutes,"admin,social",Social,Standard,0,10,30,2,8,7311,event.nar.replace_the_minutes
,7133,event.disable_the_bunker_alarm,"defense,secure",Tech,Extreme,20,30,70,8,20,7312,event.nar.disable_the_bunker_alarm
,7134,event.bypass_the_bunker_interlock,"defense,secure",Tech,Hard,15,20,55,6,16,7312,event.nar.bypass_the_bunker_interlock
,7135,event.tunnel_under_the_bunker,"defense,secure",Nerve,Extreme,20,30,65,16,20,7312,event.nar.tunnel_under_the_bunker
,7136,event.align_the_dish,"server,terminal,intel",Tech,Hard,0,15,45,4,14,7313,event.nar.align_the_dish
,7137,event.burn_a_transmission,"server,terminal,intel",Tech,Extreme,20,25,60,5,16,7313,event.nar.burn_a_transmission
,7138,event.ride_the_maintenance_cycle,"server,terminal,intel",Infiltration,Hard,0,15,45,6,12,7313,event.nar.ride_the_maintenance_cycle
,7139,event.sequence_the_genome,"lab,tech,intel",Tech,Extreme,0,20,55,4,18,7314,event.nar.sequence_the_genome
,7140,event.steal_the_research_notes,"lab,tech,intel",Infiltration,Hard,0,15,45,4,12,7314,event.nar.steal_the_research_notes
,7141,event.sabotage_the_centrifuge_queue,"lab,tech,intel",Tech,Hard,15,20,55,6,16,7314,event.nar.sabotage_the_centrifuge_queue
,7142,event.appraise_the_collection,"valuable,document",Social,Standard,0,10,30,2,8,7315,event.nar.appraise_the_collection
,7143,event.case_the_gems,"valuable,document",Infiltration,Hard,0,15,45,4,10,7315,event.nar.case_the_gems
,7144,event.sell_to_the_fence,"valuable,document",Social,Hard,0,15,40,4,10,7315,event.nar.sell_to_the_fence
,7145,event.free_the_informant,"security,secure",Nerve,Extreme,15,25,65,10,18,7316,event.nar.free_the_informant
,7146,event.fake_the_transfer_order,"security,secure",Tech,Hard,10,20,55,4,14,7316,event.nar.fake_the_transfer_order
,7147,event.seduce_the_warden,"security,secure",Social,Hard,0,20,55,4,16,7316,event.nar.seduce_the_warden
,7148,event.hotwire_the_gate,"transit,storage",Tech,Standard,5,15,40,5,10,7317,event.nar.hotwire_the_gate
,7149,event.time_the_barrier_drop,"transit,storage",Nerve,Standard,0,10,35,8,10,7317,event.nar.time_the_barrier_drop
,7150,event.pickpocket_the_foreman,"social,storage",Infiltration,Standard,0,10,35,3,8,7318,event.nar.pickpocket_the_foreman
,7151,event.steal_the_roster,"social,storage",Infiltration,Easy,0,10,25,2,6,7318,event.nar.steal_the_roster
