##var,id,name_key,tags,base_security,noise_modifier,allowed_tiers,weight,possible_event_ids,loot_table_id
##type,int,string,string,int,int,string,int,string,int
,7001,node.server_rack,"server,terminal",40,10,"1,2,3",100,"7101,7102,7103",7301
,7002,node.security_office,"security,guard",55,5,"1,2,3",95,"7104,7105,7106",7302
,7003,node.corridor,"transit",20,25,"1,2,3",120,"7107,7108",7303
,7004,node.office,"admin,document",25,10,"1,2,3",110,"7109,7110,7111",7304
,7005,node.vault,"security,valuable",70,5,"1,2,3",60,"7112,7113,7114",7305
,7006,node.archive,"document,intel",35,5,"2,3",85,"7115,7116,7117",7306
,7007,node.lab,"lab,tech",45,15,"2,3",75,"7118,7119,7120",7307
,7008,node.hq_lobby,"admin,transit",30,30,"1,2,3",105,"7121,7122,7123",7308
,7009,node.warehouse,"storage,transit",25,35,"1,2",95,"7124,7125,7126",7309
,7010,node.data_centre,"server,terminal,intel",65,10,"2,3",70,"7127,7128,7129",7310
,7011,node.meeting_room,"admin,social",20,20,"1,2,3",90,"7130,7131,7132",7311
,7012,node.bunker,"defense,secure",75,0,"3",50,"7133,7134,7135",7312
,7013,node.satellite_uplink,"server,terminal,intel",60,10,"3",55,"7136,7137,7138",7313
,7014,node.research_lab,"lab,tech,intel",55,10,"2,3",65,"7139,7140,7141",7314
,7015,node.private_collection,"valuable,document",50,5,"2,3",60,"7142,7143,7144",7315
,7016,node.detention_block,"security,secure",65,5,"2,3",60,"7145,7146,7147",7316
,7017,node.parking_structure,"transit,storage",15,40,"1,2",100,"7148,7149",7317
,7018,node.staff_kitchen,"social,storage",10,30,"1,2",85,"7150,7151",7318
