##var,id,node_room_id,min_interactables,max_interactables,required_kinds,slot_count,guard_max
##type,int,int,int,int,string,int,int
,10181,7001,2,5,"Terminal",7,0
,10182,7002,2,5,"Guard",7,2
,10183,7003,1,4,"Exit",8,0
,10184,7004,1,5,"",7,0
,10185,7005,2,5,"Guard",7,2
,10186,7006,1,5,"Container",7,1
,10187,7007,2,6,"Terminal",8,1
,10188,7008,2,5,"Exit",8,0
,10189,7009,2,6,"Container",9,1
,10190,7010,2,6,"Terminal",8,2
,10191,7011,1,5,"",7,0
,10192,7012,2,5,"Guard",7,3
,10193,7013,2,6,"Terminal",8,2
,10194,7014,2,6,"Terminal",8,1
,10195,7015,2,5,"Container",7,1
,10196,7016,2,5,"Guard",7,2
,10197,7017,1,4,"",8,0
,10198,7018,1,5,"",7,0