##var,id,name_key,base_radius_cm,attenuation_per_connection_percent,attenuation_per_floor_percent,suspicion_weight
##type,int,string,int,int,int,int
,12301,noise.crouch_step,120,55,40,1
,12302,noise.walk_step,320,55,40,2
,12303,noise.run_step,700,55,40,4
,12304,noise.door_open,420,60,45,3
,12305,noise.door_force,900,55,45,6
,12306,noise.locked_door_pick,350,60,45,3
,12307,noise.hack_terminal,260,65,50,2
,12308,noise.search_container,380,60,45,3
,12309,noise.climb_ladder,480,55,40,3
,12310,noise.vent_crawl,180,65,50,1
,12311,noise.window_open,400,60,45,3
,12312,noise.throw_land,520,60,45,4
,12313,noise.melee_strike,850,55,45,7
,12314,noise.takedown,300,60,45,2
,12315,noise.lethal_shot,1400,55,45,10
,12316,noise.body_drag,300,60,45,2
,12317,noise.switch_light,150,65,50,1
,12318,noise.break_light,700,55,45,5
,12319,noise.radio_call,1100,55,45,8
,12320,noise.alarm_raised,2000,50,40,12
,12321,noise.plant_device,200,65,50,1
,12322,noise.smoke_drop,600,55,45,4