##var,id,name_key,category,build_cost,build_ticks,upkeep_per_week,width,max_level,worker_slots,trains_skill,train_rate_per_tick,effect_type,effect_value,required_act,min_depth,merge_group
##type,int,string,RoomCategory,int,int,int,int,int,int,SkillKind,int,EffectType,int,int,int,string
,4001,room.gym,Train,1200,48,180,2,3,2,Nerve,4,None,0,1,0,gym
,4002,room.range,Train,1500,60,220,2,3,2,Combat,4,None,0,1,0,range
,4003,room.server_room,Train,1800,72,260,3,3,2,Tech,5,None,0,1,1,server
,4004,room.social_lab,Train,1400,60,210,2,3,2,Social,4,None,0,1,0,social
,4005,room.isolation_chamber,Train,2200,96,300,3,3,1,Infiltration,3,None,0,2,2,isolation
,4006,room.dorm,Recover,900,36,260,3,3,4,None,0,RestorePhysical,6,1,0,dorm
,4007,room.infirmary,Recover,2000,72,280,3,3,2,None,0,RestorePhysical,4,1,1,infirmary
,4008,room.lounge,Recover,1100,48,190,3,3,4,None,0,RestoreMental,4,1,0,lounge
,4009,room.therapy_office,Recover,1700,72,240,2,3,2,None,0,RestoreMental,8,2,1,therapy
,4010,room.ops_center,Ops,2600,120,380,4,3,6,None,0,MissionSlots,1,1,1,ops
,4011,room.comms_room,Ops,1900,84,270,3,3,2,None,0,HeatReduction,4,1,2,comms
,4012,room.intel_archive,Ops,2100,96,300,3,3,2,None,0,IntelCapacity,50,1,1,intel
,4013,room.workshop,Support,1600,72,230,3,3,3,None,0,RecruitQuality,4,1,1,workshop
,4014,room.armory,Support,2300,96,330,3,3,2,None,0,RecruitQuality,6,2,2,armory
,4015,room.cafeteria,Support,1300,60,340,4,3,6,None,0,RestorePhysical,3,1,0,cafeteria
,4016,room.security_post,Defense,1700,72,250,2,3,3,None,0,RaidMitigation,8,1,1,security
,4017,room.vault,Defense,2800,120,400,3,3,1,None,0,RaidMitigation,15,2,3,vault
,4018,room.safe_room,Defense,2400,108,340,3,3,2,None,0,RaidMitigation,20,2,3,safe
,4019,room.decoy_front,Defense,2000,96,290,3,3,2,None,0,RaidMitigation,12,2,2,decoy
,4020,room.office,Admin,2200,96,320,3,3,4,None,0,SalaryReduction,6,1,1,office
,4021,room.hr,Admin,2500,108,360,3,3,3,None,0,RecruitQuality,10,1,1,hr
,4022,room.counter_intel,Admin,3000,132,420,3,3,2,None,0,HeatReduction,10,3,2,counterintel
