##var,id,room_type_id,level,cost,upkeep_delta,effect_multiplier
##type,int,int,int,int,int,int
,5001,4001,2,900,60,150
,5002,4001,3,1800,110,210
,5003,4002,2,1100,80,150
,5004,4002,3,2200,140,210
,5005,4003,2,1300,90,150
,5006,4003,3,2600,160,210
,5007,4004,2,1000,70,150
,5008,4004,3,2000,130,210
,5009,4005,2,1600,120,150
,5010,4005,3,3200,210,210
,5011,4006,2,700,80,150
,5012,4006,3,1400,150,210
,5013,4007,2,1500,100,150
,5014,4007,3,3000,180,210
,5015,4008,2,800,70,150
,5016,4008,3,1600,130,210
,5017,4009,2,1200,90,150
,5018,4009,3,2400,160,210
,5019,4010,2,2000,140,150
,5020,4010,3,4000,250,210
,5021,4011,2,1400,100,150
,5022,4011,3,2800,180,210
,5023,4012,2,1500,110,150
,5024,4012,3,3000,200,210
,5025,4013,2,1100,80,150
,5026,4013,3,2200,150,210
,5027,4014,2,1700,120,150
,5028,4014,3,3400,220,210
,5029,4015,2,1000,110,150
,5030,4015,3,2000,200,210
,5031,4016,2,1200,90,150
,5032,4016,3,2400,160,210
,5033,4017,2,2100,150,150
,5034,4017,3,4200,270,210
,5035,4018,2,1800,130,150
,5036,4018,3,3600,230,210
,5037,4019,2,1400,100,150
,5038,4019,3,2800,180,210
,5039,4020,2,1600,110,150
,5040,4020,3,3200,200,210
,5041,4021,2,1800,130,150
,5042,4021,3,3600,230,210
,5043,4022,2,2200,160,150
,5044,4022,3,4400,280,210
