##var,id,name_key,tags,width_min,width_max,occluder_density,default_light_level,noise_absorption,valid_floors,door_positions_rule,prop_set_id,loot_table_id,weight_tier_1,weight_tier_2,weight_tier_3,npc_tags
##type,int,string,string,int,int,int,LightLevel,int,FloorKind,DoorRule,int,int,int,int,int,string
,12001,room.corridor,transit,14,34,15,Dim,20,Any,EvenlySpaced,1,0,120,140,160,"civilian,guard"
,12002,room.office,"office,document",10,22,25,Dim,35,Any,EvenlySpaced,2,7304,100,110,70,"civilian,guard"
,12003,room.server_room,"server,tech",12,20,35,Dark,15,Any,Single,3,0,80,120,140,guard
,12004,room.security_post,"security,guard",10,18,25,Dim,20,Any,Single,4,0,90,110,130,"civilian,guard"
,12005,room.vault,"security,valuable",10,16,45,Dark,10,Any,Single,5,7305,50,80,110,guard
,12006,room.archive,"archive,document",16,30,30,Dim,25,Any,Single,6,7306,60,90,110,"civilian,guard"
,12007,room.lab,"lab,tech",12,24,40,Dim,30,Any,EvenlySpaced,7,7307,50,100,130,"civilian,guard"
,12008,room.meeting_room,"office,social",12,22,20,Dim,45,Any,EvenlySpaced,8,7311,90,80,50,civilian
,12009,room.storage,"storage,transit",16,36,20,Dark,25,Any,EvenlySpaced,9,7309,110,120,100,"civilian,guard"
,12010,room.lobby,"office,transit",20,40,10,Dim,50,Any,EvenlySpaced,10,7308,100,90,70,"civilian,guard"
,12011,room.staff_kitchen,"social,storage",10,18,20,Dim,40,Ground,EvenlySpaced,11,7318,80,60,30,civilian
,12012,room.parking,"transit,storage",24,48,5,Dark,30,Ground,VerticalOnly,12,7317,70,60,40,"civilian,guard"
,12013,room.detention,"security,document",8,14,40,Dark,10,Any,Single,13,0,30,60,90,guard
,12014,room.server_hall,"server,intel",20,40,30,Dim,25,Any,EvenlySpaced,3,7310,60,110,150,guard
,12015,room.command_room,"office,security",12,20,25,Dim,20,Any,Single,4,0,40,90,120,guard
,12016,room.utility_crawl,"storage,tech",8,16,15,Dark,45,Basement,Single,9,0,60,70,60,
,12017,room.corridor_upper,transit,14,32,15,Dim,20,Upper,EvenlySpaced,1,0,100,120,140,"civilian,guard"
,12018,room.records_office,"office,archive,document",12,20,30,Dim,30,Any,Single,6,7306,70,90,80,"civilian,guard"
