##var,id,name_key,category,steps_cost,stamina_cost,mental_cost,noise_profile_id,skill_used,base_dc,is_lethal,heat_cost,evidence_level,mental_cost_on_witness
##type,int,string,ActionCategory,int,int,int,int,SkillKind,int,bool,int,int,int
,12401,action.move_walk,Move,5,1,0,12302,None,0,0,0,0,0
,12402,action.move_run,Move,3,5,1,12303,None,0,0,0,0,0
,12403,action.move_crouch,Move,8,0,0,12301,None,0,0,0,0,0
,12404,action.move_prone,Move,12,0,0,12301,None,0,0,0,0,0
,12405,action.move_vault,Move,7,4,1,12309,Nerve,35,0,0,0,0
,12406,action.move_climb,Move,10,5,1,12309,None,0,0,0,0,0
,12407,action.traverse_door,Move,10,1,0,12304,None,0,0,0,0,0
,12408,action.traverse_vent,Move,40,3,2,12310,None,0,0,0,0,0
,12409,action.interact_open_door,Interact,10,1,0,12304,None,0,0,0,0,0
,12410,action.interact_close_door,Interact,10,1,0,12304,None,0,0,0,0,0
,12411,action.interact_lock_door,Interact,15,1,0,12306,Tech,45,0,2,5,0
,12412,action.interact_force_door,Interact,12,8,2,12305,Combat,50,0,8,20,10
,12413,action.interact_hack_terminal,Interact,50,0,5,12307,Tech,55,0,1,3,0
,12414,action.interact_search_container,Interact,20,1,0,12308,Infiltration,40,0,0,3,0
,12415,action.interact_exfiltrate,Interact,80,0,8,12307,Tech,60,0,0,5,0
,12416,action.stealth_hide_body,Stealth,25,4,4,12316,None,0,0,6,30,20
,12417,action.stealth_drag_body,Stealth,30,8,2,12316,None,0,0,0,0,0
,12418,action.stealth_disguise,Stealth,20,0,3,0,Social,45,0,4,10,0
,12419,action.stealth_switch_light,Stealth,5,0,0,12317,None,0,0,2,5,0
,12420,action.stealth_plant_device,Stealth,30,1,4,12321,Tech,50,0,10,25,5
,12421,action.combat_melee,Combat,15,8,2,12313,Combat,50,0,12,35,25
,12422,action.combat_takedown,Combat,20,10,4,12314,Combat,55,0,5,30,30
,12423,action.combat_melee_lethal,Combat,18,12,8,12313,Combat,55,1,35,90,45
,12424,action.combat_shoot,Combat,8,3,1,12315,Combat,55,1,30,70,35
,12425,action.combat_suppress,Combat,10,5,2,12315,Combat,50,0,10,15,15
,12426,action.combat_block,Combat,5,2,0,0,None,0,0,0,0,0
,12427,action.support_heal,Support,40,0,0,0,Tech,45,0,0,0,0
,12428,action.support_revive,Support,60,0,2,12316,Tech,50,0,0,0,0
,12429,action.support_carry_ally,Support,10,9,3,12316,None,0,0,0,0,0
,12430,action.support_signal_squad,Support,5,0,1,12319,None,0,0,6,15,5
,12431,action.support_smoke,Support,10,2,0,12322,None,0,0,4,10,0
,12432,action.support_wait,Support,10,0,0,0,None,0,0,0,0,0
,12433,action.support_observe,Support,10,0,0,0,Infiltration,0,0,0,0,0
,12434,action.stealth_use_vent,Stealth,40,3,2,12310,None,0,0,0,0,0