##var,id,name_key,desc_key,polarity,rarity,is_hidden,conflicts_with,effect_type,effect_value
##type,int,string,string,TraitPolarity,int,bool,string,string,int
,3001,trait.photographic_memory,trait.desc.photographic_memory,Positive,3,0,,NerveBonus,5
,3002,trait.calm_under_fire,trait.desc.calm_under_fire,Positive,3,0,,NerveBonus,4
,3003,trait.lockpick_touch,trait.desc.lockpick_touch,Positive,4,0,,InfiltrationBonus,6
,3004,trait.safe_hands,trait.desc.safe_hands,Positive,4,0,3006,TechBonus,5
,3005,trait.reads_people,trait.desc.reads_people,Positive,3,0,,SocialBonus,5
,3006,trait.compulsive,trait.desc.compulsive,Positive,5,0,3004,InfiltrationBonus,8
,3007,trait.quiet_breathing,trait.desc.quiet_breathing,Positive,4,0,,AlarmReduction,8
,3008,trait.street_wise,trait.desc.street_wise,Positive,3,0,,HeatGainReduction,10
,3009,trait.paperwork,trait.desc.paperwork,Positive,4,0,,IntelBonus,6
,3010,trait.steady_hands,trait.desc.steady_hands,Positive,3,0,,LootBonus,8
,3011,trait.night_owl,trait.desc.night_owl,Positive,4,0,,RevealBonus,6
,3012,trait.charming,trait.desc.charming,Positive,3,0,,RecruitCostReduction,12
,3013,trait.clumsy,trait.desc.clumsy,Negative,3,0,,LootBonus,-6
,3014,trait.hot_headed,trait.desc.hot_headed,Negative,3,0,3017,AlarmIncrease,10
,3015,trait.greedy,trait.desc.greedy,Negative,4,0,,LoyaltyDecay,4
,3016,trait.insomniac,trait.desc.insomniac,Negative,4,0,,MentalRecoveryPenalty,10
,3017,trait.patient,trait.desc.patient,Negative,3,0,3014,AlarmReduction,-5
,3018,trait.absent_minded,trait.desc.absent_minded,Negative,4,0,,SkillGainPenalty,8
,3019,trait.drinker,trait.desc.drinker,Negative,4,0,,LoyaltyDecay,6
,3020,trait.paranoid,trait.desc.paranoid,Negative,4,0,,TeamMoralePenalty,8
,3021,trait.weak_stomach,trait.desc.weak_stomach,Negative,3,0,,StaminaRecoveryPenalty,10
,3022,trait.slow_learner,trait.desc.slow_learner,Negative,5,0,,SkillGainPenalty,12
,3023,trait.blunt,trait.desc.blunt,Negative,3,0,,SocialBonus,-5
,3024,trait.coward,trait.desc.coward,Negative,4,0,,CaptureChance,10
,3101,trait.mole,trait.desc.mole,Hidden,6,1,,HeatGain,6
,3102,trait.deserter,trait.desc.deserter,Hidden,6,1,,MissionAbandonChance,12
,3103,trait.double_agent,trait.desc.double_agent,Hidden,6,1,,IntelLossChance,10
,3104,trait.gambler,trait.desc.gambler,Hidden,5,1,,FundsLossChance,8
,3105,trait.addict,trait.desc.addict,Hidden,5,1,,StaminaRecoveryPenalty,12
,3106,trait.patriot,trait.desc.patriot,Hidden,5,1,,HeatGainReduction,15
